Ref,Group,Requirement on the board,Controller resource,Qty,Voltage domain,Electrical detail,Isolation,Suggested placement,Serves,Status
E1,Ground-switched digital inputs,"Read five key groups on lines shared with the indicator cathodes, plus three separate contact inputs elsewhere in the machine",GPIO in with pull-up,8,3V3 or 5V (switch only pulls low so either works),"Five panel lines are BIDIRECTIONAL: each sinks its group's indicator current and is then read as an input once the anode rail is blanked. The panel puts 1 kohm in series with each key pair, so the board's own pull-up sets the closed-key level - 1 kohm against 1 kohm gives about 2.5 V on a 5 V part, which works but is not generous; prefer a weaker pull-up. The other three inputs (tank level, hot water knob, steam knob) are plain contacts on their own wires",None (SELV),Panel breakout preferred - collapses the panel's share of these inputs onto a few conductors. Note the two knob microswitches and the tank reed are not on the panel and reach the board on their own wires,S1-S5 pushbuttons + S7/S8 knob microswitches + S6 tank level reed,Traced on the physical panel board. The count is 8 signals: 5 key groups (ten switches in parallel pairs) plus 3 elsewhere. See docs/connector-pinouts.md
E2,Indicator outputs,"Sink indicator current on the shared key lines, and gate their common anode rail",Shares E1 lines; plus one timer output for the rail,0 extra lines + 1 rail gate,5V anode rail at OEM,"~10-15 mA per element through the panel's ~300 ohm series resistors, which are on the panel and stay with it; the anode rail must carry every lit element at once. Indicators cost no pin beyond E1's five - each group's cathodes share the line carrying its key. The sixth function the circuit diagram draws, WATER, is on the gauge assembly and is E18, not here",None (SELV),Panel breakout,8 indicator elements across 5 functions on the button panel (PWR MAN ONE TWO PRG),"ONE timer output serves the panel, not eight. The rail gate is the multiplexing gate: it must be blanked to read the keys, and modulating it is how brightness varies - globally, not per element. Confirm by watching whether two lit indicators ramp together. See docs/connector-pinouts.md"
E3,Bipolar stepper channels,Drive two gauge movements through the driver already on the gauge assembly,"2 timer outputs (step clocks) + 3 GPIO (two direction lines, one reset)",2 gauges / 5 lines,Driver-dependent,"The VID66-08 sits on the gauge assembly, not the main board, so a retained board means the driver is INHERITED and the controller drives logic lines rather than motor phases. Step clocks need timer channels - a needle has inertia and an uneven rate reads as stutter. Board supply is 5 V so the driver's inputs are probably 5 V CMOS; a 3.3 V controller may not clear Vih, which is a level-shift question on five lines. Step size, phase current and gearing NOT ESTABLISHED, though steps-per-sweep is obtainable by counting between the end stops",None (SELV),Gauge assembly - the driver is already there and stays with it; the main board supplies logic lines only,MOT1 espresso resistance-to-pour gauge; MOT2 milk temperature gauge,"Inferred, not traced: the part is absent from main-board spare photos and the 9-conductor harness only closes if the driver is local. Retaining an out-of-production driver is an obtainability risk, distinct from the unknown-condition question OBL-PHYSICAL-CONFIGURATION-001.C3 asks. Both movements have end stops and the machine homes against them at power-on; a replacement owes the same routine. See docs/connector-pinouts.md"
E4,Annunciator output,Drive the panel buzzer through a transistor,GPIO out,1,5V at OEM,"Magnetic vs piezo NOT ESTABLISHED - a magnetic sounder needs a drive waveform, a self-drive piezo needs only on/off",None (SELV),Panel breakout,BZ via Q8,Now enumerated; was absent from the channel enumeration
E5,Temperature front end - Option A (NTCs retained),Convert three resistive sensors against a stable reference,ADC channel + precision divider,3,3V3 analogue,"100k NTC against 10k 0.1% divider with ~100nF filtering (OEM used 1%). Ratiometric or precision Vref required. Divider sensitivity peaks near 85-90 degC, which is where the brew band sits",None (SELV),Sensor breakout preferred,Coffee block / steam block / steam wand sensors,Established from OEM sheet 3-3; mutually exclusive with E6
E6,Temperature front end - Option B (PT1000),Convert three RTDs digitally,SPI bus + 1 chip select per converter,3 CS + 1 bus,3.0-3.6V,"MAX31865 is single-channel so three are needed: 3 shared bus pins + 3 CS, optional DRDY per chip (poll instead to save 3 pins). One 4.3k 0.1% low-tempco Rref per chip - this part sets the accuracy. Alternative: one multi-channel delta-sigma with excitation (ADS124S06/S08 class) does all three on 1 bus + 1 CS with a single Rref",None (SELV),Sensor breakout - keeps converters near the leads and away from mains switching; lets the sensing option change without respinning the main board,As E5,Proposed; mutually exclusive with E5. PT1000 (not PT100) is what makes the fitted 2-wire leads viable - ~0.26 degC per ohm of lead vs ~2.6
E7,Pressure transducer inputs,Convert two ratiometric transducers,ADC channel,2,3V3 analogue + 5V sensor excitation,"Typical ratiometric output is 0.5-4.5 V on a 5 V supply, so the board must provide a 5 V excitation rail and either a 5V-tolerant ADC or a divider to 3V3. Ratiometric reference preferred so supply drift cancels",None (SELV),Main board or sensor breakout,Steam-path transducer (decided); brew-path transducer (proposed),Parts NOT SELECTED for either path
E8,Flow meter input,Count a pulse train,Timer capture / counter input,1,5V at OEM,"OEM fits a 2k pull-up to 5V, which implies an open-drain output. If open-drain, re-reference by pulling up to 3V3 - no level shifter. If push-pull, a divider or shifter is required. Open-drain vs push-pull NOT ESTABLISHED",None (SELV),Main board,Flow meter on the coffee pump suction line,Type confirmed digital; drive style and K-factor (pulses/litre) both open
E9,Mains zero-cross input,Present both crossings of every mains cycle to an interrupt,Edge-capture interrupt input,1,Isolated to logic,Requires a NEW front end - the fitted circuit is half-wave (series 1N4007) and gives one crossing per cycle. Propagation delay must be low and repeatable: the phase offset between true crossing and detected edge is bounded by no declared figure and must not be invented,REINFORCED - crosses the mains barrier,Power/mains board with isolated output to logic,Half-cycle actuation timing reference for heaters and pumps,Replacement required
E10,Heater switching outputs,Command each element on or off every supply half-cycle,GPIO out into an isolated gate driver,2,Isolated,"Elements were measured at 52.7 and 47.0 ohm cold, giving 1004 W and 1126 W at 230 V - about 4.4 A and 4.9 A, ~9.3 A together. Use those figures, not the 1000 W circuit-diagram label they supersede. Size a ZERO-CROSSING optotriac (MOC3063 class) into a triac rated well above 4.9 A after derating, with heatsink - or an external SSR. Mechanical relays are excluded because they cannot be commanded within a half-cycle. The OEM Z0409NF at 4 A is a pump-class part and is NOT adequate here",REINFORCED,Power/mains board - physically separated from logic,COF HEATER and STM HEATER,"Replacement required. Both heaters together draw ~9.3 A, which is the constraint REQ-POWER-BUDGET-001 and OBL-ELECTRICAL-THERMAL-SAFETY-001.C3 arbitrate against an ordinary 10 A domestic circuit. The machine's 5 A fuse protects the control supply and is NOT in series with the elements, so it enforces nothing about heater exclusivity"
E11,Pump switching outputs,Modulate each pump timed against the zero-cross reference,GPIO out into an isolated gate driver,2,Isolated,"Driver MUST remain RANDOM-PHASE (MOC3021 class) - a zero-crossing optotriac cannot phase-control. Load is Ulka class at roughly 0.25 A each, so the OEM Z0409NF triac is adequate. Snubber required",REINFORCED,Power/mains board,COF PUMP and STM PUMP,Arrangement retained; device class confirmed phase-capable from OEM sheet 3-2
E12,Valve switching outputs,Energise each solenoid coil,GPIO out into a mains-rated switching device,2,Isolated,"Coils are MAINS AC - confirmed from the OEM sheet, which switches them with 12 V relays. Coil current NOT ESTABLISHED. Inductive load, so a snubber is required whichever device is used. If relays are retained the board also needs a 12 V coil rail",REINFORCED,Power/mains board,Two-way coffee valve 2T0607W; three-way diverter 3T0618W,Coil class established; coil current not
E13,Heater mains-presence sense,Confirm mains is actually present at each heater node,GPIO in,2,Isolated,"OEM uses an AC-input optocoupler (LTV814) fed through 120k 1W. Detects a relay that did not close, a welded contact, or an open thermal cutout - this is actuation confirmation, not a nicety",REINFORCED,Power/mains board with isolated output to logic,CFSIG and SMSIG,Now enumerated; was absent from the channel enumeration
E14,Operator display link,Reach the display,UART (2 pins) or direct panel drive,2,3V3,Conservative figure is direct drive. The OEM CMDTX/SLVOK pair is not an inter-board link at all - both microcontrollers sit on the main board - so the panel board is retained as a passive assembly and carries no controller to speak to and no proprietary framing to reverse-engineer. A display is a separate question this row does not settle,None (SELV),Main board,Display board,Undecided; the retained-panel alternative no longer arises
E18,Low-water indicator,Sink the indicator's cathode on the gauge assembly,GPIO out,1,"5V, on a supply local to the gauge assembly","Switched rather than modulated: its anode ties to a supply on the gauge assembly, not to the button panel's gated rail - run with a low tank it holds steady while the PWR element ramps. That separation is what frees the ninth conductor of the gauge harness",None (SELV),Gauge assembly,The visual half of low-water annunciation; the buzzer is the audible half,"Fitted, observed running. Was carried by no document and no node. Keeping one half of the annunciation and dropping the other degrades it without removing it. See docs/connector-pinouts.md"
E15,Inter-board links,Carry signals across each partition boundary,Bus of choice,2 boundaries,Mixed,"Panel breakout: any low pin-count bus (SPI/I2C/UART) will do and collapses the button/LED/stepper harness. Power board: the boundary is the mains isolation barrier - either the isolated gate drives themselves carry it, or a digital isolator does",REINFORCED on the power-board boundary only,n/a,Partition boundaries,Follows from the placement column - not itself decided
E16,Logic power supply,Supply every rail the above needs from mains,n/a,1,"3V3 logic, 5V sensors and indicators, 12V if any relay coils are retained","Budget >=10 W with headroom. Rough draw: MCU ~0.35 W, indicators ~0.75 W, steppers ~2 W (unestablished), opto drives ~0.5 W, sensors ~0.1 W, display unknown. The OEM supply is a 9 V 2.5 VA transformer and is nowhere near adequate",REINFORCED - mains isolated,Power/mains board,Everything,Replacement required
E17,Analogue integrity,Keep the analogue front ends quiet,n/a,n/a,3V3 analogue,"Separate analogue ground and reference for E5/E6/E7, returned away from mains switching currents. This is what the accuracy figures in the channel enumeration assume and nothing else guarantees",n/a,Sensor breakout,E5 E6 E7,Constraint - not a channel
